{"cameraMode":{"drawMode":0,"name":"Shaded","section":"Shading Mode"},"sceneLighting":false,"audioPlay":false,"sceneViewState":{"m_AlwaysRefresh":false,"showFog":true,"showSkybox":false,"showFlares":true,"showImageEffects":true,"showParticleSystems":true,"showVisualEffectGraphs":true,"m_FxEnabled":true},"in2DMode":false,"pivot":{"x":-1.8295907974243165,"y":20.965198516845704,"z":13.46914291381836},"rotation":{"x":-0.0030073965899646284,"y":0.6996386051177979,"z":-0.002946083899587393,"w":-0.7144882678985596},"size":18.54267120361328,"orthographic":false}