{"cameraMode":{"drawMode":0,"name":"Shaded","section":"Shading Mode"},"sceneLighting":false,"audioPlay":false,"sceneViewState":{"m_AlwaysRefresh":false,"showFog":true,"showSkybox":false,"showFlares":true,"showImageEffects":true,"showParticleSystems":true,"showVisualEffectGraphs":true,"m_FxEnabled":true},"in2DMode":false,"pivot":{"x":6.822437763214111,"y":21.70754623413086,"z":1.3281826972961426},"rotation":{"x":-0.0030073965899646284,"y":0.6996386051177979,"z":-0.002946083899587393,"w":-0.7144882678985596},"size":1.0247145891189576,"orthographic":false}